Average Reward,Success Rate,Average Learning Speed
7.676923076923077,100.0,0.07777445408315885
